[
{
  "model": "auth.permission",
  "pk": 1,
  "fields": {
    "name": "Can add log entry",
    "content_type": 1,
    "codename": "add_logentry"
  }
},
{
  "model": "auth.permission",
  "pk": 2,
  "fields": {
    "name": "Can change log entry",
    "content_type": 1,
    "codename": "change_logentry"
  }
},
{
  "model": "auth.permission",
  "pk": 3,
  "fields": {
    "name": "Can delete log entry",
    "content_type": 1,
    "codename": "delete_logentry"
  }
},
{
  "model": "auth.permission",
  "pk": 4,
  "fields": {
    "name": "Can view log entry",
    "content_type": 1,
    "codename": "view_logentry"
  }
},
{
  "model": "auth.permission",
  "pk": 5,
  "fields": {
    "name": "Can add permission",
    "content_type": 3,
    "codename": "add_permission"
  }
},
{
  "model": "auth.permission",
  "pk": 6,
  "fields": {
    "name": "Can change permission",
    "content_type": 3,
    "codename": "change_permission"
  }
},
{
  "model": "auth.permission",
  "pk": 7,
  "fields": {
    "name": "Can delete permission",
    "content_type": 3,
    "codename": "delete_permission"
  }
},
{
  "model": "auth.permission",
  "pk": 8,
  "fields": {
    "name": "Can view permission",
    "content_type": 3,
    "codename": "view_permission"
  }
},
{
  "model": "auth.permission",
  "pk": 9,
  "fields": {
    "name": "Can add group",
    "content_type": 2,
    "codename": "add_group"
  }
},
{
  "model": "auth.permission",
  "pk": 10,
  "fields": {
    "name": "Can change group",
    "content_type": 2,
    "codename": "change_group"
  }
},
{
  "model": "auth.permission",
  "pk": 11,
  "fields": {
    "name": "Can delete group",
    "content_type": 2,
    "codename": "delete_group"
  }
},
{
  "model": "auth.permission",
  "pk": 12,
  "fields": {
    "name": "Can view group",
    "content_type": 2,
    "codename": "view_group"
  }
},
{
  "model": "auth.permission",
  "pk": 13,
  "fields": {
    "name": "Can add content type",
    "content_type": 4,
    "codename": "add_contenttype"
  }
},
{
  "model": "auth.permission",
  "pk": 14,
  "fields": {
    "name": "Can change content type",
    "content_type": 4,
    "codename": "change_contenttype"
  }
},
{
  "model": "auth.permission",
  "pk": 15,
  "fields": {
    "name": "Can delete content type",
    "content_type": 4,
    "codename": "delete_contenttype"
  }
},
{
  "model": "auth.permission",
  "pk": 16,
  "fields": {
    "name": "Can view content type",
    "content_type": 4,
    "codename": "view_contenttype"
  }
},
{
  "model": "auth.permission",
  "pk": 17,
  "fields": {
    "name": "Can add session",
    "content_type": 5,
    "codename": "add_session"
  }
},
{
  "model": "auth.permission",
  "pk": 18,
  "fields": {
    "name": "Can change session",
    "content_type": 5,
    "codename": "change_session"
  }
},
{
  "model": "auth.permission",
  "pk": 19,
  "fields": {
    "name": "Can delete session",
    "content_type": 5,
    "codename": "delete_session"
  }
},
{
  "model": "auth.permission",
  "pk": 20,
  "fields": {
    "name": "Can view session",
    "content_type": 5,
    "codename": "view_session"
  }
},
{
  "model": "auth.permission",
  "pk": 21,
  "fields": {
    "name": "Can add user",
    "content_type": 6,
    "codename": "add_user"
  }
},
{
  "model": "auth.permission",
  "pk": 22,
  "fields": {
    "name": "Can change user",
    "content_type": 6,
    "codename": "change_user"
  }
},
{
  "model": "auth.permission",
  "pk": 23,
  "fields": {
    "name": "Can delete user",
    "content_type": 6,
    "codename": "delete_user"
  }
},
{
  "model": "auth.permission",
  "pk": 24,
  "fields": {
    "name": "Can view user",
    "content_type": 6,
    "codename": "view_user"
  }
},
{
  "model": "auth.permission",
  "pk": 25,
  "fields": {
    "name": "Can add airplane type",
    "content_type": 8,
    "codename": "add_airplanetype"
  }
},
{
  "model": "auth.permission",
  "pk": 26,
  "fields": {
    "name": "Can change airplane type",
    "content_type": 8,
    "codename": "change_airplanetype"
  }
},
{
  "model": "auth.permission",
  "pk": 27,
  "fields": {
    "name": "Can delete airplane type",
    "content_type": 8,
    "codename": "delete_airplanetype"
  }
},
{
  "model": "auth.permission",
  "pk": 28,
  "fields": {
    "name": "Can view airplane type",
    "content_type": 8,
    "codename": "view_airplanetype"
  }
},
{
  "model": "auth.permission",
  "pk": 29,
  "fields": {
    "name": "Can add crew",
    "content_type": 9,
    "codename": "add_crew"
  }
},
{
  "model": "auth.permission",
  "pk": 30,
  "fields": {
    "name": "Can change crew",
    "content_type": 9,
    "codename": "change_crew"
  }
},
{
  "model": "auth.permission",
  "pk": 31,
  "fields": {
    "name": "Can delete crew",
    "content_type": 9,
    "codename": "delete_crew"
  }
},
{
  "model": "auth.permission",
  "pk": 32,
  "fields": {
    "name": "Can view crew",
    "content_type": 9,
    "codename": "view_crew"
  }
},
{
  "model": "auth.permission",
  "pk": 33,
  "fields": {
    "name": "Can add airplane",
    "content_type": 7,
    "codename": "add_airplane"
  }
},
{
  "model": "auth.permission",
  "pk": 34,
  "fields": {
    "name": "Can change airplane",
    "content_type": 7,
    "codename": "change_airplane"
  }
},
{
  "model": "auth.permission",
  "pk": 35,
  "fields": {
    "name": "Can delete airplane",
    "content_type": 7,
    "codename": "delete_airplane"
  }
},
{
  "model": "auth.permission",
  "pk": 36,
  "fields": {
    "name": "Can view airplane",
    "content_type": 7,
    "codename": "view_airplane"
  }
},
{
  "model": "auth.permission",
  "pk": 37,
  "fields": {
    "name": "Can add flight",
    "content_type": 10,
    "codename": "add_flight"
  }
},
{
  "model": "auth.permission",
  "pk": 38,
  "fields": {
    "name": "Can change flight",
    "content_type": 10,
    "codename": "change_flight"
  }
},
{
  "model": "auth.permission",
  "pk": 39,
  "fields": {
    "name": "Can delete flight",
    "content_type": 10,
    "codename": "delete_flight"
  }
},
{
  "model": "auth.permission",
  "pk": 40,
  "fields": {
    "name": "Can view flight",
    "content_type": 10,
    "codename": "view_flight"
  }
},
{
  "model": "auth.permission",
  "pk": 41,
  "fields": {
    "name": "Can add order",
    "content_type": 11,
    "codename": "add_order"
  }
},
{
  "model": "auth.permission",
  "pk": 42,
  "fields": {
    "name": "Can change order",
    "content_type": 11,
    "codename": "change_order"
  }
},
{
  "model": "auth.permission",
  "pk": 43,
  "fields": {
    "name": "Can delete order",
    "content_type": 11,
    "codename": "delete_order"
  }
},
{
  "model": "auth.permission",
  "pk": 44,
  "fields": {
    "name": "Can view order",
    "content_type": 11,
    "codename": "view_order"
  }
},
{
  "model": "auth.permission",
  "pk": 45,
  "fields": {
    "name": "Can add ticket",
    "content_type": 12,
    "codename": "add_ticket"
  }
},
{
  "model": "auth.permission",
  "pk": 46,
  "fields": {
    "name": "Can change ticket",
    "content_type": 12,
    "codename": "change_ticket"
  }
},
{
  "model": "auth.permission",
  "pk": 47,
  "fields": {
    "name": "Can delete ticket",
    "content_type": 12,
    "codename": "delete_ticket"
  }
},
{
  "model": "auth.permission",
  "pk": 48,
  "fields": {
    "name": "Can view ticket",
    "content_type": 12,
    "codename": "view_ticket"
  }
},
{
  "model": "auth.permission",
  "pk": 49,
  "fields": {
    "name": "Can add airport",
    "content_type": 13,
    "codename": "add_airport"
  }
},
{
  "model": "auth.permission",
  "pk": 50,
  "fields": {
    "name": "Can change airport",
    "content_type": 13,
    "codename": "change_airport"
  }
},
{
  "model": "auth.permission",
  "pk": 51,
  "fields": {
    "name": "Can delete airport",
    "content_type": 13,
    "codename": "delete_airport"
  }
},
{
  "model": "auth.permission",
  "pk": 52,
  "fields": {
    "name": "Can view airport",
    "content_type": 13,
    "codename": "view_airport"
  }
},
{
  "model": "auth.permission",
  "pk": 53,
  "fields": {
    "name": "Can add route",
    "content_type": 14,
    "codename": "add_route"
  }
},
{
  "model": "auth.permission",
  "pk": 54,
  "fields": {
    "name": "Can change route",
    "content_type": 14,
    "codename": "change_route"
  }
},
{
  "model": "auth.permission",
  "pk": 55,
  "fields": {
    "name": "Can delete route",
    "content_type": 14,
    "codename": "delete_route"
  }
},
{
  "model": "auth.permission",
  "pk": 56,
  "fields": {
    "name": "Can view route",
    "content_type": 14,
    "codename": "view_route"
  }
},
{
  "model": "contenttypes.contenttype",
  "pk": 1,
  "fields": {
    "app_label": "admin",
    "model": "logentry"
  }
},
{
  "model": "contenttypes.contenttype",
  "pk": 2,
  "fields": {
    "app_label": "auth",
    "model": "group"
  }
},
{
  "model": "contenttypes.contenttype",
  "pk": 3,
  "fields": {
    "app_label": "auth",
    "model": "permission"
  }
},
{
  "model": "contenttypes.contenttype",
  "pk": 4,
  "fields": {
    "app_label": "contenttypes",
    "model": "contenttype"
  }
},
{
  "model": "contenttypes.contenttype",
  "pk": 5,
  "fields": {
    "app_label": "sessions",
    "model": "session"
  }
},
{
  "model": "contenttypes.contenttype",
  "pk": 6,
  "fields": {
    "app_label": "users",
    "model": "user"
  }
},
{
  "model": "contenttypes.contenttype",
  "pk": 7,
  "fields": {
    "app_label": "flights",
    "model": "airplane"
  }
},
{
  "model": "contenttypes.contenttype",
  "pk": 8,
  "fields": {
    "app_label": "flights",
    "model": "airplanetype"
  }
},
{
  "model": "contenttypes.contenttype",
  "pk": 9,
  "fields": {
    "app_label": "flights",
    "model": "crew"
  }
},
{
  "model": "contenttypes.contenttype",
  "pk": 10,
  "fields": {
    "app_label": "flights",
    "model": "flight"
  }
},
{
  "model": "contenttypes.contenttype",
  "pk": 11,
  "fields": {
    "app_label": "orders",
    "model": "order"
  }
},
{
  "model": "contenttypes.contenttype",
  "pk": 12,
  "fields": {
    "app_label": "orders",
    "model": "ticket"
  }
},
{
  "model": "contenttypes.contenttype",
  "pk": 13,
  "fields": {
    "app_label": "airports",
    "model": "airport"
  }
},
{
  "model": "contenttypes.contenttype",
  "pk": 14,
  "fields": {
    "app_label": "airports",
    "model": "route"
  }
},
{
  "model": "sessions.session",
  "pk": "j3pcg20gnj3dllrn40sp2v00c2q389d1",
  "fields": {
    "session_data": ".eJxVjDEOwjAMRe-SGUV2QkPKyM4ZIttxSAG1UtNOiLtDpQ6w_vfef5lE61LT2nROQzZng-bwuzHJQ8cN5DuNt8nKNC7zwHZT7E6bvU5Zn5fd_Tuo1Oq3juiFVenoe3GF0THFIly6AB4QQk8BA56AHfSdy0SiXoEAssToMZr3B-9-N9c:1vU5BP:BWvzgWyOP0aKMS-CW0DAstb1MTOuZ4UxS1GShf1gThY",
    "expire_date": "2025-12-26T15:35:51.946Z"
  }
},
{
  "model": "users.user",
  "pk": 1,
  "fields": {
    "password": "pbkdf2_sha256$1200000$55fIEesS0RYlkt0gNtT1Pg$4zZRjWwikGqNJA43w/Xal7O5pzacwQwlv42wiVIbfvE=",
    "last_login": "2025-12-12T15:35:51.943Z",
    "is_superuser": true,
    "first_name": "",
    "last_name": "",
    "is_staff": true,
    "is_active": true,
    "date_joined": "2025-12-12T14:40:46.002Z",
    "email": "admin@airport.com",
    "groups": [],
    "user_permissions": []
  }
},
{
  "model": "users.user",
  "pk": 2,
  "fields": {
    "password": "pbkdf2_sha256$1200000$m8R9rZghtyJVDCMm2stf1y$zGgl0paLS9KTfW6CMnouOHsMKWKDkI+2VfyLSb2tQhg=",
    "last_login": null,
    "is_superuser": false,
    "first_name": "",
    "last_name": "",
    "is_staff": false,
    "is_active": true,
    "date_joined": "2025-12-12T14:40:46.022Z",
    "email": "user@airport.com",
    "groups": [],
    "user_permissions": []
  }
},
{
  "model": "users.user",
  "pk": 3,
  "fields": {
    "password": "pbkdf2_sha256$1200000$QY1gNpEO6qHGDYuaCcVAtl$ZtvPYbZClfJmUUa+5B+1wLUgZfHaEbA3DOM7RsOzxn4=",
    "last_login": null,
    "is_superuser": false,
    "first_name": "",
    "last_name": "",
    "is_staff": false,
    "is_active": true,
    "date_joined": "2025-12-12T15:21:41.403Z",
    "email": "userswagger@airport.com",
    "groups": [],
    "user_permissions": []
  }
},
{
  "model": "flights.airplanetype",
  "pk": 1,
  "fields": {
    "name": "Boeing 737"
  }
},
{
  "model": "flights.airplanetype",
  "pk": 2,
  "fields": {
    "name": "Airbus A320"
  }
},
{
  "model": "flights.airplanetype",
  "pk": 3,
  "fields": {
    "name": "Boeing 777"
  }
},
{
  "model": "flights.airplanetype",
  "pk": 4,
  "fields": {
    "name": "Airbus A380"
  }
},
{
  "model": "flights.airplane",
  "pk": 1,
  "fields": {
    "name": "Spirit of New York",
    "airplane_type": 1,
    "rows": 30,
    "seats_in_row": 6
  }
},
{
  "model": "flights.airplane",
  "pk": 2,
  "fields": {
    "name": "Sky Cruiser",
    "airplane_type": 2,
    "rows": 28,
    "seats_in_row": 6
  }
},
{
  "model": "flights.airplane",
  "pk": 3,
  "fields": {
    "name": "Ocean Dream",
    "airplane_type": 3,
    "rows": 40,
    "seats_in_row": 9
  }
},
{
  "model": "flights.airplane",
  "pk": 4,
  "fields": {
    "name": "Giant of the Skies",
    "airplane_type": 4,
    "rows": 50,
    "seats_in_row": 10
  }
},
{
  "model": "flights.airplane",
  "pk": 5,
  "fields": {
    "name": "Pacific Explorer",
    "airplane_type": 1,
    "rows": 32,
    "seats_in_row": 6
  }
},
{
  "model": "flights.crew",
  "pk": 1,
  "fields": {
    "first_name": "John",
    "last_name": "Smith"
  }
},
{
  "model": "flights.crew",
  "pk": 2,
  "fields": {
    "first_name": "Sarah",
    "last_name": "Johnson"
  }
},
{
  "model": "flights.crew",
  "pk": 3,
  "fields": {
    "first_name": "Michael",
    "last_name": "Williams"
  }
},
{
  "model": "flights.crew",
  "pk": 4,
  "fields": {
    "first_name": "Emily",
    "last_name": "Brown"
  }
},
{
  "model": "flights.crew",
  "pk": 5,
  "fields": {
    "first_name": "David",
    "last_name": "Jones"
  }
},
{
  "model": "flights.crew",
  "pk": 6,
  "fields": {
    "first_name": "Jennifer",
    "last_name": "Garcia"
  }
},
{
  "model": "flights.crew",
  "pk": 7,
  "fields": {
    "first_name": "Robert",
    "last_name": "Martinez"
  }
},
{
  "model": "flights.crew",
  "pk": 8,
  "fields": {
    "first_name": "Lisa",
    "last_name": "Anderson"
  }
},
{
  "model": "flights.flight",
  "pk": 1,
  "fields": {
    "departure_time": "2025-12-15T08:00:00Z",
    "arrival_time": "2025-12-15T14:30:00Z",
    "airplane": 1,
    "route": 1,
    "crew": [
      1,
      2,
      3
    ]
  }
},
{
  "model": "flights.flight",
  "pk": 2,
  "fields": {
    "departure_time": "2025-12-16T10:00:00Z",
    "arrival_time": "2025-12-16T17:00:00Z",
    "airplane": 3,
    "route": 2,
    "crew": [
      4,
      5,
      6
    ]
  }
},
{
  "model": "flights.flight",
  "pk": 3,
  "fields": {
    "departure_time": "2025-12-17T12:00:00Z",
    "arrival_time": "2025-12-18T02:30:00Z",
    "airplane": 4,
    "route": 3,
    "crew": [
      8,
      1,
      7
    ]
  }
},
{
  "model": "flights.flight",
  "pk": 4,
  "fields": {
    "departure_time": "2025-12-18T14:00:00Z",
    "arrival_time": "2025-12-18T20:45:00Z",
    "airplane": 2,
    "route": 4,
    "crew": [
      2,
      3,
      4
    ]
  }
},
{
  "model": "flights.flight",
  "pk": 5,
  "fields": {
    "departure_time": "2025-12-19T09:00:00Z",
    "arrival_time": "2025-12-19T10:30:00Z",
    "airplane": 2,
    "route": 5,
    "crew": [
      5,
      6
    ]
  }
},
{
  "model": "flights.flight",
  "pk": 6,
  "fields": {
    "departure_time": "2025-12-20T16:00:00Z",
    "arrival_time": "2025-12-21T06:30:00Z",
    "airplane": 3,
    "route": 6,
    "crew": [
      8,
      1,
      7
    ]
  }
},
{
  "model": "flights.flight",
  "pk": 7,
  "fields": {
    "departure_time": "2025-12-21T07:00:00Z",
    "arrival_time": "2025-12-21T13:30:00Z",
    "airplane": 5,
    "route": 1,
    "crew": [
      2,
      4,
      6
    ]
  }
},
{
  "model": "orders.order",
  "pk": 1,
  "fields": {
    "created_at": "2025-12-10T10:00:00Z",
    "user": 2
  }
},
{
  "model": "orders.order",
  "pk": 2,
  "fields": {
    "created_at": "2025-12-11T14:30:00Z",
    "user": 2
  }
},
{
  "model": "orders.ticket",
  "pk": 1,
  "fields": {
    "order": 1,
    "flight": 1,
    "row": 5,
    "seat": 3
  }
},
{
  "model": "orders.ticket",
  "pk": 2,
  "fields": {
    "order": 1,
    "flight": 1,
    "row": 5,
    "seat": 4
  }
},
{
  "model": "orders.ticket",
  "pk": 3,
  "fields": {
    "order": 2,
    "flight": 2,
    "row": 10,
    "seat": 2
  }
},
{
  "model": "orders.ticket",
  "pk": 4,
  "fields": {
    "order": 2,
    "flight": 3,
    "row": 15,
    "seat": 5
  }
},
{
  "model": "airports.airport",
  "pk": 1,
  "fields": {
    "name": "John F. Kennedy International Airport",
    "closest_big_city": "New York"
  }
},
{
  "model": "airports.airport",
  "pk": 2,
  "fields": {
    "name": "Los Angeles International Airport",
    "closest_big_city": "Los Angeles"
  }
},
{
  "model": "airports.airport",
  "pk": 3,
  "fields": {
    "name": "London Heathrow Airport",
    "closest_big_city": "London"
  }
},
{
  "model": "airports.airport",
  "pk": 4,
  "fields": {
    "name": "Tokyo Haneda Airport",
    "closest_big_city": "Tokyo"
  }
},
{
  "model": "airports.airport",
  "pk": 5,
  "fields": {
    "name": "Dubai International Airport",
    "closest_big_city": "Dubai"
  }
},
{
  "model": "airports.airport",
  "pk": 6,
  "fields": {
    "name": "Charles de Gaulle Airport",
    "closest_big_city": "Paris"
  }
},
{
  "model": "airports.route",
  "pk": 1,
  "fields": {
    "source": 1,
    "destination": 2,
    "distance": 3944
  }
},
{
  "model": "airports.route",
  "pk": 2,
  "fields": {
    "source": 1,
    "destination": 3,
    "distance": 5585
  }
},
{
  "model": "airports.route",
  "pk": 3,
  "fields": {
    "source": 2,
    "destination": 4,
    "distance": 8815
  }
},
{
  "model": "airports.route",
  "pk": 4,
  "fields": {
    "source": 3,
    "destination": 5,
    "distance": 5476
  }
},
{
  "model": "airports.route",
  "pk": 5,
  "fields": {
    "source": 3,
    "destination": 6,
    "distance": 341
  }
},
{
  "model": "airports.route",
  "pk": 6,
  "fields": {
    "source": 5,
    "destination": 4,
    "distance": 7935
  }
}
]
